date,time_step_index,S(t),I(t),R(t),observed_I,simulated_new_cases,beta,nu,beta_per_interval,nu_per_interval,R0_per_day,R0_per_interval,infectious_period_days,infectious_period_intervals,,,,
2020-02-08,0,14734013,1,0,1,1.922129426151514,0.274589937,0.25745758762031107,1.9221295558752982,1.8022031133421774,1.0665443543212605,1.0665443543212605,3.8841348947725054,0.5548764135389294,,,,
2020-02-15,1,14734011.077870574,1.1199263120778657,1.8022031133421774,0,2.1526430379599333,0.274589937,0.25745758762031107,1.9221295558752982,1.8022031133421774,1.0665443543212605,1.0665443543212605,3.8841348947725054,0.5548764135389294,,,,
2020-02-22,2,14734008.925227536,1.2542346636606958,3.8205378,1,2.4108006861060858,0.274589937,0.25745758762031107,1.9221295558752982,1.8022031133421774,1.0665443543212605,1.0665443543212605,3.8841348947725054,0.5548764135389294,,,,Notes on SIR Model
2020-02-29,3,14734006.51442685,1.404649735,6.080923415393714,13,2.699917398393154,0.274589937,0.25745758762031107,1.9221295558752982,1.8022031133421774,1.0665443543212605,1.0665443543212605,3.8841348947725054,0.5548764135389294,,,,
2020-03-07,4,14734003.814509451,1.573103008627106,8.612387540305201,15,3.0237056966871023,0.274589937,0.25745758762031107,1.9221295558752982,1.8022031133421774,1.0665443543212605,1.0665443543212605,3.8841348947725054,0.5548764135389294,,,,Beta = 0.2746 (per day)
2020-03-14,5,14734000.790803755,1.7617575659280718,11.44743868006092,148,3.3863232526928186,0.274589937,0.25745758762031107,1.9221295558752982,1.8022031133421774,1.0665443543212605,1.0665443543212605,3.8841348947725054,0.5548764135389294,,,,Nu = 0.2575 (per day)
2020-03-21,6,14733997.404480502,1.9730358475390242,14.622483650330627,447,3.7924262452870607,0.274589937,0.25745758762031107,1.9221295558752982,1.8022031133421774,1.0665443543212605,1.0665443543212605,3.8841348947725054,0.5548764135389294,,,,
2020-03-28,7,14733993.612054257,2.2096507461558934,18.17829499750118,1327,4.247229130938649,0.274589937,0.25745758762031107,1.9221295558752982,1.8022031133421774,1.0665443543212605,1.0665443543212605,3.8841348947725054,0.5548764135389294,,,,"beta_per_interval - 7 day period is the interval, 1 week "
2020-04-04,8,14733989.364825126,2.4746404223425333,22.160534451622198,2798,4.756571542471647,0.274589937,0.25745758762031107,1.9221295558752982,1.8022031133421774,1.0665443543212605,1.0665443543212605,3.8841348947725054,0.5548764135389294,,,,"nu_per_interval - 7 day period is the interval, 1 week"
2020-04-11,9,14733984.608253583,2.7714072917729795,26.62033912517031,3168,5.326993240043521,0.274589937,0.25745758762031107,1.9221295558752982,1.8022031133421774,1.0665443543212605,1.0665443543212605,3.8841348947725054,0.5548764135389294,,,,
2020-04-18,10,14733979.281260343,3.1037616826571277,31.614977974742786,4261,5.965818006545305,0.274589937,0.25745758762031107,1.9221295558752982,1.8022031133421774,1.0665443543212605,1.0665443543212605,3.8841348947725054,0.5548764135389294,,,,
2020-04-25,11,14733973.315442337,3.4759707220409117,37.20858694229962,3653,6.681247610598803,0.274589937,0.25745758762031107,1.9221295558752982,1.8022031133421774,1.0665443543212605,1.0665443543212605,3.8841348947725054,0.5548764135389294,,,,
2020-05-02,12,14733966.634194726,3.8928130763200697,43.47299219944801,2908,7.482467016205192,0.274589937,0.25745758762031107,1.9221295558752982,1.8022031133421774,1.0665443543212605,1.0665443543212605,3.8841348947725054,0.5548764135389294,,,,
2020-05-09,13,14733959.15172771,4.359640245857371,50.48863204525118,2361,8.379762175,0.274589937,0.25745758762031107,1.9221295558752982,1.8022031133421774,1.0665443543212605,1.0665443543212605,3.8841348947725054,0.5548764135389294,,,,
2020-05-16,14,14733950.771965535,4.882445196971638,58.34558926938719,2225,9.384651945903897,0.274589937,0.25745758762031107,1.9221295558752982,1.8022031133421774,1.0665443543212605,1.0665443543212605,3.8841348947725054,0.5548764135389294,,,,
2020-05-23,15,14733941.38731359,5.467939207803013,67.14474720409204,2621,10.510035764425993,0.274589937,0.25745758762031107,1.9221295558752982,1.8022031133421774,1.0665443543212605,1.0665443543212605,3.8841348947725054,0.5548764135389294,,,,
2020-05-30,16,14733930.877277825,6.123637909,76.99908427,2613,11.770359011366963,0.274589937,0.25745758762031107,1.9221295558752982,1.8022031133421774,1.0665443543212605,1.0665443543212605,3.8841348947725054,0.5548764135389294,,,,
2020-06-06,17,14733919.106918814,6.857957615082094,88.03512357217767,2302,13.181798128411174,0.274589937,0.25745758762031107,1.9221295558752982,1.8022031133421774,1.0665443543212605,1.0665443543212605,3.8841348947725054,0.5548764135389294,,,,
2020-06-13,18,14733905.925120685,7.680323178179435,100.3945561372473,1472,14.76246789470315,0.274589937,0.25745758762031107,1.9221295558752982,1.8022031133421774,1.0665443543212605,1.0665443543212605,3.8841348947725054,0.5548764135389294,,,,
2020-06-20,19,14733891.16265279,8.601288730058545,114.23605848043637,1226,16.532653452828526,0.274589937,0.25745758762031107,1.9221295558752982,1.8022031133421774,1.0665443543212605,1.0665443543212605,3.8841348947725054,0.5548764135389294,,,,
2020-06-27,20,14733874.629999338,9.632672854916807,129.73732780850287,1250,18.515070060268044,0.274589937,0.25745758762031107,1.9221295558752982,1.8022031133421774,1.0665443543212605,1.0665443543212605,3.8841348947725054,0.5548764135389294,,,,
2020-07-04,21,14733856.114929277,10.787709905578847,147.09736081744063,1084,20.735153855755925,0.274589937,0.25745758762031107,1.9221295558752982,1.8022031133421774,1.0665443543212605,1.0665443543212605,3.8841348947725054,0.5548764135389294,,,,
2020-07-11,22,14733835.379775422,12.08121938385091,166.53900519510708,868,23.221387332305312,0.274589937,0.25745758762031107,1.9221295558752982,1.8022031133421774,1.0665443543212605,1.0665443543212605,3.8841348947725054,0.5548764135389294,,,,
2020-07-18,23,14733812.15838809,13.529795530084868,188.31181638165305,933,26.00566361658275,0.274589937,0.25745758762031107,1.9221295558752982,1.8022031133421774,1.0665443543212605,1.0665443543212605,3.8841348947725054,0.5548764135389294,,,,
2020-07-25,24,14733786.152724473,15.152019519117182,212.69525600885507,994,29.123694172129035,0.274589937,0.25745758762031107,1.9221295558752982,1.8022031133421774,1.0665443543212605,1.0665443543212605,3.8841348947725054,0.5548764135389294,,,,
2020-08-01,25,14733757.03,16.96869694051122,240.0022727596295,808,32.61546506918967,0.274589937,0.25745758762031107,1.9221295558752982,1.8022031133421774,1.0665443543212605,1.0665443543212605,3.8841348947725054,0.5548764135389294,,,,
2020-08-08,26,14733724.413565231,19.00312355376038,270.5833112151787,591,36.52574753575027,0.274589937,0.25745758762031107,1.9221295558752982,1.8022031133421774,1.0665443543212605,1.0665443543212605,3.8841348947725054,0.5548764135389294,,,,
2020-08-15,27,14733687.887817696,21.281382657205846,304.8307996469917,611,40.904669219627976,0.274589937,0.25745758762031107,1.9221295558752982,1.8022031133421774,1.0665443543212605,1.0665443543212605,3.8841348947725054,0.5548764135389294,,,,
2020-08-22,28,14733646.983148476,23.832677796587706,343.1841737280343,730,45.808353297412395,0.274589937,0.25745758762031107,1.9221295558752982,1.8022031133421774,1.0665443543212605,1.0665443543212605,3.8841348947725054,0.5548764135389294,,,,
2020-08-29,29,14733601.174795179,26.68970496938837,386.13549985232567,848,51.299633380025625,0.274589937,0.25745758762031107,1.9221295558752982,1.8022031133421774,1.0665443543212605,1.0665443543212605,3.8841348947725054,0.5548764135389294,,,,
2020-09-05,30,14733549.875161799,29.889068958761374,434.2357692423416,976,57.44885313,0.274589937,0.25745758762031107,1.9221295558752982,1.8022031133421774,1.0665443543212605,1.0665443543212605,3.8841348947725054,0.5548764135389294,,,,
2020-09-12,31,14733492.426308665,33.47174896048688,488.10194237472035,1511,64.33476048,0.274589937,0.25745758762031107,1.9221295558752982,1.8022031133421774,1.0665443543212605,1.0665443543212605,3.8841348947725054,0.5548764135389294,,,,
2020-09-19,32,14733428.091548188,37.48361925296675,548.4248325603176,2372,72.04550737328827,0.274589937,0.25745758762031107,1.9221295558752982,1.8022031133421774,1.0665443543212605,1.0665443543212605,3.8841348947725054,0.5548764135389294,,,,
2020-09-26,33,14733356.046040814,41.97603130892898,615.9779279,3123,80.67976747,0.274589937,0.25745758762031107,1.9221295558752982,1.8022031133421774,1.0665443543212605,1.0665443543212605,3.8841348947725054,0.5548764135389294,,,,
2020-10-03,34,14733275.36627335,47.006464463617235,691.6272621880476,4225,90.34798518382013,0.274589937,0.25745758762031107,1.9221295558752982,1.8022031133421774,1.0665443543212605,1.0665443543212605,3.8841348947725054,0.5548764135389294,,,,
2020-10-10,35,14733185.018288165,52.63925304328131,776.3424588,5039,101.17377140000463,0.274589937,0.25745758762031107,1.9221295558752982,1.8022031133421774,1.0665443543212605,1.0665443543212605,3.8841348947725054,0.5548764135389294,,,,
2020-10-17,36,14733083.844516765,58.94639872525073,871.2090845101952,5274,113.29546242952347,0.274589937,0.25745758762031107,1.9221295558752982,1.8022031133421774,1.0665443543212605,1.0665443543212605,3.8841348947725054,0.5548764135389294,,,,
2020-10-24,37,14732970.549054336,66.00847785210115,977.4424678131514,6041,126.8678609021008,0.274589937,0.25745758762031107,1.9221295558752982,1.8022031133421774,1.0665443543212605,1.0665443543212605,3.8841348947725054,0.5548764135389294,,,,
2020-10-31,38,14732843.681193434,73.91565446237578,1096.4031521051863,6391,142.06417906843126,0.274589937,0.25745758762031107,1.9221295558752982,1.8022031133421774,1.0665443543212605,1.0665443543212605,3.8841348947725054,0.5548764135389294,,,,
2020-11-07,39,14732701.617014365,82.76881093329561,1229.6141747020047,7603,159.07820717804134,0.274589937,0.25745758762031107,1.9221295558752982,1.8022031133421774,1.0665443543212605,1.0665443543212605,3.8841348947725054,0.5548764135389294,,,,
2020-11-14,40,14732542.538807187,92.68080936011597,1378.780383,10443,178.12673193961382,0.274589937,0.25745758762031107,1.9221295558752982,1.8022031133421774,1.0665443543212605,1.0665443543212605,3.8841348947725054,0.5548764135389294,,,,
2020-11-21,41,14732364.412075248,103.7778981239321,1545.810026629494,10038,199.4522324949503,0.274589937,0.25745758762031107,1.9221295558752982,1.8022031133421774,1.0665443543212605,1.0665443543212605,3.8841348947725054,0.5548764135389294,,,,
2020-11-28,42,14732164.959842753,116.20127952423174,1732.8388777245516,11142,223.32588407956064,0.274589937,0.25745758762031107,1.9221295558752982,1.8022031133421774,1.0665443543212605,1.0665443543212605,3.8841348947725054,0.5548764135389294,,,,
2020-12-05,43,14731941.633958673,130.10885587068614,1942.2571854574667,12687,250.0509022846818,0.274589937,0.25745758762031107,1.9221295558752982,1.8022031133421774,1.0665443543212605,1.0665443543212605,3.8841348947725054,0.5548764135389294,,,,
2020-12-12,44,14731691.583056388,145.6771730327228,2176.739770581006,13066,279.96626387163997,0.274589937,0.25745758762031107,1.9221295558752982,1.8022031133421774,1.0665443543212605,1.0665443543212605,3.8841348947725054,0.5548764135389294,,,,
2020-12-19,45,14731411.616792517,163.10358212192344,2439.279625363466,15667,313.4508430864662,0.274589937,0.25745758762031107,1.9221295558752982,1.8022031133421774,1.0665443543212605,1.0665443543212605,3.8841348947725054,0.5548764135389294,,,,
2020-12-26,46,14731098.16594943,182.60864171049462,2733.225408860858,15623,350.9280056413263,0.274589937,0.25745758762031107,1.9221295558752982,1.8022031133421774,1.0665443543212605,1.0665443543212605,3.8841348947725054,0.5548764135389294,,,,
2021-01-02,47,14730747.237943789,204.43878473866778,3062.3232714746973,20459,392.87070559710264,0.274589937,0.25745758762031107,1.9221295558752982,1.8022031133421774,1.0665443543212605,1.0665443543212605,3.8841348947725054,0.5548764135389294,,,,
2021-01-09,48,14730354.367238192,228.86927599228468,3430.7634858186157,24875,439.80713343061507,0.274589937,0.25745758762031107,1.9221295558752982,1.8022031133421774,1.0665443543212605,1.0665443543212605,3.8841348947725054,0.5548764135389294,,,,
2021-01-16,49,14729914.560104761,256.20748768061566,3843.232407560281,21385,492.3269664142281,0.274589937,0.25745758762031107,1.9221295558752982,1.8022031133421774,1.0665443543212605,1.0665443543212605,3.8841348947725054,0.5548764135389294,,,,
2021-01-23,50,14729422.233138347,286.79652213519194,4304.970339519864,16416,551.0882748328149,0.274589937,0.25745758762031107,1.9221295558752982,1.8022031133421774,1.0665443543212605,1.0665443543212605,3.8841348947725054,0.5548764135389294,,,,
2021-01-30,51,14728871.144863514,321.01921187933056,4821.835924607615,12774,616.8251394,0.274589937,0.25745758762031107,1.9221295558752982,1.8022031133421774,1.0665443543212605,1.0665443543212605,3.8841348947725054,0.5548764135389294,,,,
2021-02-06,52,14728254.319724152,359.3025281495331,5400.377747699196,9782,690.3560359217227,0.274589937,0.25745758762031107,1.9221295558752982,1.8022031133421774,1.0665443543212605,1.0665443543212605,3.8841348947725054,0.5548764135389294,,,,
2021-02-13,53,14727563.96368823,402.12242920884705,6047.913883,7901,772.5930439103395,0.274589937,0.25745758762031107,1.9221295558752982,1.8022031133421774,1.0665443543212605,1.0665443543212605,3.8841348947725054,0.5548764135389294,,,,
2021-02-20,54,14726791.37064432,450.0091792542701,6772.6201764269035,7462,864.5519317314029,0.274589937,0.25745758762031107,1.9221295558752982,1.8022031133421774,1.0665443543212605,1.0665443543212605,3.8841348947725054,0.5548764135389294,,,,
2021-02-27,55,14725926.818712588,503.5531671005369,7583.628120311507,7682,967.3631691429764,0.274589937,0.25745758762031107,1.9221295558752982,1.8022031133421774,1.0665443543212605,1.0665443543212605,3.8841348947725054,0.5548764135389294,,,,
2021-03-06,56,14724959.455543445,563.4112507623613,8491.133205793409,7938,1082.283908560872,0.274589937,0.25745758762031107,1.9221295558752982,1.8022031133421774,1.0665443543212605,1.0665443543212605,3.8841348947725054,0.5548764135389294,,,,
2021-03-13,57,14723877.171634885,630.3136491078402,9506.514716009347,9499,1210.7109660562128,0.274589937,0.25745758762031107,1.9221295558752982,1.8022031133421774,1.0665443543212605,1.0665443543212605,3.8841348947725054,0.5548764135389294,,,,
2021-03-20,58,14722666.460668828,705.0713943605931,10642.467936813566,11040,1354.1948163863271,0.274589937,0.25745758762031107,1.9221295558752982,1.8022031133421774,1.0665443543212605,1.0665443543212605,3.8841348947725054,0.5548764135389294,,,,
2021-03-27,59,14721312.265852442,788.5843487018592,11913.149798858736,14400,1514.4545933902264,0.274589937,0.25745758762031107,1.9221295558752982,1.8022031133421774,1.0665443543212605,1.0665443543212605,3.8841348947725054,0.5548764135389294,,,,
2021-04-03,60,14719797.811259052,881.8497737288077,13334.33896722214,18945,1693.394056033343,0.274589937,0.25745758762031107,1.9221295558752982,1.8022031133421774,1.0665443543212605,1.0665443543212605,3.8841348947725054,0.5548764135389294,,,,
2021-04-10,61,14718104.417203018,985.9714220477696,14923.611374936292,25584,1893.1184390373528,0.274589937,0.25745758762031107,1.9221295558752982,1.8022031133421774,1.0665443543212605,1.0665443543212605,3.8841348947725054,0.5548764135389294,,,,
2021-04-17,62,14716211.298763981,1102.1690946048209,16700.532141417196,30883,2115.9520531594753,0.274589937,0.25745758762031107,1.9221295558752982,1.8022031133421774,1.0665443543212605,1.0665443543212605,3.8841348947725054,0.5548764135389294,,,,
2021-04-24,63,14714095.346710822,1231.7885740386187,18686.864715143533,28350,2364.456430764869,0.274589937,0.25745758762031107,1.9221295558752982,1.8022031133421774,1.0665443543212605,1.0665443543212605,3.8841348947725054,0.5548764135389294,,,,
2021-05-01,64,14711730.890280057,1376.3118016922856,20906.79791825525,25215,2641.4487242419273,0.274589937,0.25745758762031107,1.9221295558752982,1.8022031133421774,1.0665443543212605,1.0665443543212605,3.8841348947725054,0.5548764135389294,,,,
2021-05-08,65,14709089.441555815,1537.3671119944609,23387.19133219467,20756,2950.019954102114,0.274589937,0.25745758762031107,1.9221295558752982,1.8022031133421774,1.0665443543212605,1.0665443543212605,3.8841348947725054,0.5548764135389294,,,,
2021-05-15,66,14706139.421601713,1716.7392705104933,26157.83912778096,16535,3293.5525662396103,0.274589937,0.25745758762031107,1.9221295558752982,1.8022031133421774,1.0665443543212605,1.0665443543212605,3.8841348947725054,0.5548764135389294,,,,
2021-05-22,67,14702845.869035473,1916.378978640011,29251.75198589175,12647,3675.736589,0.274589937,0.25745758762031107,1.9221295558752982,1.8022031133421774,1.0665443543212605,1.0665443543212605,3.8841348947725054,0.5548764135389294,,,,
2021-05-29,68,14699170.132446367,2138.4114060973657,32705.45614754028,7766,4100.583476884291,0.274589937,0.25745758762031107,1.9221295558752982,1.8022031133421774,1.0665443543212605,1.0665443543212605,3.8841348947725054,0.5548764135389294,,,,
2021-06-05,69,14695069.548969483,2385.143189307362,36559.30784121538,5212,4572.436479400843,0.274589937,0.25745758762031107,1.9221295558752982,1.8022031133421774,1.0665443543212605,1.0665443543212605,3.8841348947725054,0.5548764135389294,,,,
2021-06-12,70,14690497.112490082,2659.067187172232,40857.82032,3485,5095.9760893806815,0.274589937,0.25745758762031107,1.9221295558752982,1.8022031133421774,1.0665443543212605,1.0665443543212605,3.8841348947725054,0.5548764135389294,,,,
2021-06-19,71,14685401.136400701,2962.8641132452817,45649.99948605982,2420,5676.21878,0.274589937,0.25745758762031107,1.9221295558752982,1.8022031133421774,1.0665443543212605,1.0665443543212605,3.8841348947725054,0.5548764135389294,,,,
2021-06-26,72,14679724.917620668,3299.3999639788954,50989.68241536028,1884,6318.506859939545,0.274589937,0.25745758762031107,1.9221295558752982,1.8022031133421774,1.0665443543212605,1.0665443543212605,3.8841348947725054,0.5548764135389294,,,,
2021-07-03,73,14673406.410760729,3671.717936675019,56935.871302604115,1472,7028.486840754747,0.274589937,0.25745758762031107,1.9221295558752982,1.8022031133421774,1.0665443543212605,1.0665443543212605,3.8841348947725054,0.5548764135389294,,,,
2021-07-10,74,14666377.923919974,4083.0232806405324,63553.05279939415,1227,7812.073244407773,0.274589937,0.25745758762031107,1.9221295558752982,1.8022031133421774,1.0665443543212605,1.0665443543212605,3.8841348947725054,0.5548764135389294,,,,
2021-07-17,75,14658565.850675566,4536.659256829946,70911.49006761311,1044,8675.394285738468,0.274589937,0.25745758762031107,1.9221295558752982,1.8022031133421774,1.0665443543212605,1.0665443543212605,3.8841348947725054,0.5548764135389294,,,,
2021-07-24,76,14649890.456389828,5036.072105736661,79087.47150444465,1102,9624.715380009264,0.274589937,0.25745758762031107,1.9221295558752982,1.8022031133421774,1.0665443543212605,1.0665443543212605,3.8841348947725054,0.5548764135389294,,,,
2021-07-31,77,14640265.741009818,5584.762657770865,88163.49633241896,1349,10666.335981965065,0.274589937,0.25745758762031107,1.9221295558752982,1.8022031133421774,1.0665443543212605,1.0665443543212605,3.8841348947725054,0.5548764135389294,,,,
2021-08-07,78,14629599.405027853,6186.221990624812,98228.37298153075,1903,11806.454921310768,0.274589937,0.25745758762031107,1.9221295558752982,1.8022031133421774,1.0665443543212605,1.0665443543212605,3.8841348947725054,0.5548764135389294,,,,
2021-08-14,79,14617792.950106543,6843.848380605185,109377.20151286063,3170,13050.999236948788,0.274589937,0.25745758762031107,1.9221295558752982,1.8022031133421774,1.0665443543212605,1.0665443543212605,3.8841348947725054,0.5548764135389294,,,,
2021-08-21,80,14604741.950869594,7560.842758784749,121711.20637162912,4143,14405.411632273346,0.274589937,0.25745758762031107,1.9221295558752982,1.8022031133421774,1.0665443543212605,1.0665443543212605,3.8841348947725054,0.5548764135389294,,,,
2021-08-28,81,14590336.53923732,8340.080031684833,135337.38073100164,4765,15874.392205627635,0.274589937,0.25745758762031107,1.9221295558752982,1.8022031133421774,1.0665443543212605,1.0665443543212605,3.8841348947725054,0.5548764135389294,,,,
2021-09-04,82,14574462.147031693,9183.954038686301,150367.89892962697,5179,17461.59120951034,0.274589937,0.25745758762031107,1.9221295558752982,1.8022031133421774,1.0665443543212605,1.0665443543212605,3.8841348947725054,0.5548764135389294,,,,
2021-09-11,83,14557000.555822182,10094.19468688525,166919.24949093888,5057,19169.251434981823,0.274589937,0.25745758762031107,1.9221295558752982,1.8022031133421774,1.0665443543212605,1.0665443543212605,3.8841348947725054,0.5548764135389294,,,,
2021-09-18,84,14537831.3,11071.657030480446,185111.03858232553,4911,20997.801588110626,0.274589937,0.25745758762031107,1.9221295558752982,1.8022031133421774,1.0665443543212605,1.0665443543212605,3.8841348947725054,0.5548764135389294,,,,
2021-09-25,85,14516833.50279909,12116.083848401497,205064.4133525142,4400,22945.405893608928,0.274589937,0.25745758762031107,1.9221295558752982,1.8022031133421774,1.0665443543212605,1.0665443543212605,3.8841348947725054,0.5548764135389294,,,,
2021-10-02,86,14493888.096905481,13225.845708906592,226900.05738561825,3948,25007.480249324813,0.274589937,0.25745758762031107,1.9221295558752982,1.8022031133421774,1.0665443543212605,1.0665443543212605,3.8841348947725054,0.5548764135389294,,,,
2021-10-09,87,14468880.616656156,14397.66564505754,250735.71769879299,3843,27176.19159,0.274589937,0.25745758762031107,1.9221295558752982,1.8022031133421774,1.0665443543212605,1.0665443543212605,3.8841348947725054,0.5548764135389294,,,,
2021-10-16,88,14441704.425065132,15626.33938569882,276683.2355491754,2901,29439.964580301195,0.274589937,0.25745758762031107,1.9221295558752982,1.8022031133421774,1.0665443543212605,1.0665443543212605,3.8841348947725054,0.5548764135389294,,,,
2021-10-23,89,14412264.46048483,16904.46647495265,304845.07304022333,2623,31783.02794351615,0.274589937,0.25745758762031107,1.9221295558752982,1.8022031133421774,1.0665443543212605,1.0665443543212605,3.8841348947725054,0.5548764135389294,,,,
2021-10-30,90,14380481.432541315,18222.21230792039,335310.35515077144,2505,34185.04111525975,0.274589937,0.25745758762031107,1.9221295558752982,1.8022031133421774,1.0665443543212605,1.0665443543212605,3.8841348947725054,0.5548764135389294,,,,
2021-11-06,91,14346296.391426055,19567.12566986299,368150.4829040877,3291,36620.849279303104,0.274589937,0.25745758762031107,1.9221295558752982,1.8022031133421774,1.0665443543212605,1.0665443543212605,3.8841348947725054,0.5548764135389294,,,,
2021-11-13,92,14309675.542146752,20924.040147782125,403414.41770547244,3983,39060.42010207474,0.274589937,0.25745758762031107,1.9221295558752982,1.8022031133421774,1.0665443543212605,1.0665443543212605,3.8841348947725054,0.5548764135389294,,,,
2021-11-20,93,14270615.122044677,22275.089951827176,441123.7880035021,4577,41469.016778158024,0.274589937,0.25745758762031107,1.9221295558752982,1.8022031133421774,1.0665443543212605,1.0665443543212605,3.8841348947725054,0.5548764135389294,,,,
2021-11-27,94,14229146.105266519,23599.87026882441,481268.0244646621,5435,43807.65769029595,0.274589937,0.25745758762031107,1.9221295558752982,1.8022031133421774,1.0665443543212605,1.0665443543212605,3.8841348947725054,0.5548764135389294,,,,
2021-12-04,95,14185338.447576223,24875.768286172744,523799.78413760895,6606,46033.90142725594,0.274589937,0.25745758762031107,1.9221295558752982,1.8022031133421774,1.0665443543212605,1.0665443543212605,3.8841348947725054,0.5548764135389294,,,,
2021-12-11,96,14139304.546148967,26078.482661309557,568630.9711897281,9012,48102.976065222174,0.274589937,0.25745758762031107,1.9221295558752982,1.8022031133421774,1.0665443543212605,1.0665443543212605,3.8841348947725054,0.5548764135389294,,,,
2021-12-18,97,14091201.570083745,27182.73608307955,615629.6938331802,19114,49969.24349674024,0.274589937,0.25745758762031107,1.9221295558752982,1.8022031133421774,1.0665443543212605,1.0665443543212605,3.8841348947725054,0.5548764135389294,,,,
2021-12-25,98,14041232.326587005,28163.167981735638,664618.5054,53158,51587.954651188105,0.274589937,0.25745758762031107,1.9221295558752982,1.8022031133421774,1.0665443543212605,1.0665443543212605,3.8841348947725054,0.5548764135389294,,,,
2022-01-01,99,13989644.371935816,28995.37361466157,715374.2544495277,102327,52917.21289939061,0.274589937,0.25745758762031107,1.9221295558752982,1.8022031133421774,1.0665443543212605,1.0665443543212605,3.8841348947725054,0.5548764135389294,,,,
2022-01-08,100,13936727.159036426,29657.033913188872,767629.8070503904,91419,53920.02566723712,0.274589937,0.25745758762031107,1.9221295558752982,1.8022031133421774,1.0665443543212605,1.0665443543212605,3.8841348947725054,0.5548764135389294,,,,
2022-01-15,101,13882807.133369189,30129.060729582907,821077.8059012339,73765,54566.294377291575,0.274589937,0.25745758762031107,1.9221295558752982,1.8022031133421774,1.0665443543212605,1.0665443543212605,3.8841348947725054,0.5548764135389294,,,,
2022-01-22,102,13828240.838991897,30396.66805794381,875376.4929501638,46818,54834.57657355815,0.274589937,0.25745758762031107,1.9221295558752982,1.8022031133421774,1.0665443543212605,1.0665443543212605,3.8841348947725054,0.5548764135389294,,,,
2022-01-29,103,13773406.262418339,30450.27482224705,930157.4627594189,32121,54713.45660787448,0.274589937,0.25745758762031107,1.9221295558752982,1.8022031133421774,1.0665443543212605,1.0665443543212605,3.8841348947725054,0.5548764135389294,,,,
2022-02-05,104,13718692.805810465,30286.151343343045,985035.0428461975,22287,54202.38518121466,0.274589937,0.25745758762031107,1.9221295558752982,1.8022031133421774,1.0665443543212605,1.0665443543212605,3.8841348947725054,0.5548764135389294,,,,
2022-02-12,105,13664490.42062925,29906.74028243322,1039616.8390883227,17757,53311.892332844436,0.274589937,0.25745758762031107,1.9221295558752982,1.8022031133421774,1.0665443543212605,1.0665443543212605,3.8841348947725054,0.5548764135389294,,,,
2022-02-19,106,13611178.528296405,29320.612168360414,1093514.8595352399,13515,52063.13819183037,0.274589937,0.25745758762031107,1.9221295558752982,1.8022031133421774,1.0665443543212605,1.0665443543212605,3.8841348947725054,0.5548764135389294,,,,
2022-02-26,107,13559115.390104575,28542.051825272665,1146356.5580701577,12360,50486.83265275881,0.274589937,0.25745758762031107,1.9221295558752982,1.8022031133421774,1.0665443543212605,1.0665443543212605,3.8841348947725054,0.5548764135389294,,,,
2022-03-05,108,13508628.557451816,27590.309817351488,1197795.132730838,11362,48621.61902075447,0.274589937,0.25745758762031107,1.9221295558752982,1.8022031133421774,1.0665443543212605,1.0665443543212605,3.8841348947725054,0.5548764135389294,,,,
2022-03-12,109,13460006.938431062,26488.586587200345,1247518.474981744,11362,46512.06781058945,0.274589937,0.25745758762031107,1.9221295558752982,1.8022031133421774,1.0665443543212605,1.0665443543212605,3.8841348947725054,0.5548764135389294,,,,
2022-03-19,110,13413494.870620472,25262.84118230367,1295256.2881972303,11329,44206.45790451579,0.274589937,0.25745758762031107,1.9221295558752982,1.8022031133421774,1.0665443543212605,1.0665443543212605,3.8841348947725054,0.5548764135389294,,,,
2022-03-26,111,13369288.412715957,23940.52805620354,1340785.059227847,14363,41754.52969171293,0.274589937,0.25745758762031107,1.9221295558752982,1.8022031133421774,1.0665443543212605,1.0665443543212605,3.8841348947725054,0.5548764135389294,,,,
2022-04-02,112,13327533.883024244,22549.363549971597,1383930.7534257928,18070,39205.379529995844,0.274589937,0.25745758762031107,1.9221295558752982,1.8022031133421774,1.0665443543212605,1.0665443543212605,3.8841348947725054,0.5548764135389294,,,,
2022-04-09,113,13288328.503494248,21116.209886323522,1424569.2866194362,22562,36605.63158639334,0.274589937,0.25745758762031107,1.9221295558752982,1.8022031133421774,1.0665443543212605,1.0665443543212605,3.8841348947725054,0.5548764135389294,,,,
2022-04-16,114,13251722.871907854,19666.14227359742,1462624.9858185553,23106,33997.978926513344,0.274589937,0.25745758762031107,1.9221295558752982,1.8022031133421774,1.0665443543212605,1.0665443543212605,3.8841348947725054,0.5548764135389294,,,,
2022-04-23,115,13217724.892981341,18221.738367203176,1498067.3686514627,21953,31420.138395879418,0.274589937,0.25745758762031107,1.9221295558752982,1.8022031133421774,1.0665443543212605,1.0665443543212605,3.8841348947725054,0.5548764135389294,,,,
2022-04-30,116,13186304.754585462,16802.603147202535,1530906.642267343,17176,28904.220215789974,0.274589937,0.25745758762031107,1.9221295558752982,1.8022031133421774,1.0665443543212605,1.0665443543212605,3.8841348947725054,0.5548764135389294,,,,
2022-05-07,117,13157400.534369672,15425.119658850417,1561188.3459714844,14115,26476.47816630639,0.274589937,0.25745758762031107,1.9221295558752982,1.8022031133421774,1.0665443543212605,1.0665443543212605,3.8841348947725054,0.5548764135389294,,,,
2022-05-14,118,13130924.056203365,14102.399152301732,1588987.5446443402,11333,24157.38222305104,0.274589937,0.25745758762031107,1.9221295558752982,1.8022031133421774,1.0665443543212605,1.0665443543212605,3.8841348947725054,0.5548764135389294,,,,
2022-05-21,119,13106766.673980314,12844.393717480734,1614402.9323022123,8521,21961.94280813448,0.274589937,0.25745758762031107,1.9221295558752982,1.8022031133421774,1.0665443543212605,1.0665443543212605,3.8841348947725054,0.5548764135389294,,,,
2022-05-28,120,13084804.73117218,11658.130178978367,1637551.1386488487,6059,19900.21300527826,0.274589937,0.25745758762031107,1.9221295558752982,1.8022031133421774,1.0665443543212605,1.0665443543212605,3.8841348947725054,0.5548764135389294,,,,
2022-06-04,121,13064904.518166902,10548.02467995404,1658561.457153152,5343,17977.899817500263,0.274589937,0.25745758762031107,1.9221295558752982,1.8022031133421774,1.0665443543212605,1.0665443543212605,3.8841348947725054,0.5548764135389294,,,,
2022-06-11,122,13046926.618349401,9516.241579631927,1677571.1400709753,5059,16197.025160251185,0.274589937,0.25745758762031107,1.9221295558752982,1.8022031133421774,1.0665443543212605,1.0665443543212605,3.8841348947725054,0.5548764135389294,,,,
2022-06-18,123,13030729.59318915,8563.066537754303,1694721.3402731041,4386,14556.589328845963,0.274589937,0.25745758762031107,1.9221295558752982,1.8022031133421774,1.0665443543212605,1.0665443543212605,3.8841348947725054,0.5548764135389294,,,,
2022-06-25,124,13016173.003860304,7687.270692503733,1710153.7254472012,5434,13053.202189382166,0.274589937,0.25745758762031107,1.9221295558752982,1.8022031133421774,1.0665443543212605,1.0665443543212605,3.8841348947725054,0.5548764135389294,,,,
2022-07-02,125,13003119.801670922,6886.449706750944,1724007.7486223355,6643,11681.658944485709,0.274589937,0.25745758762031107,1.9221295558752982,1.8022031133421774,1.0665443543212605,1.0665443543212605,3.8841348947725054,0.5548764135389294,,,,
2022-07-09,126,12991438.142726436,6157.327549856673,1736418.5297237164,8824,10435.447214951739,0.274589937,0.25745758762031107,1.9221295558752982,1.8022031133421774,1.0665443543212605,1.0665443543212605,3.8841348947725054,0.5548764135389294,,,,
2022-07-16,127,12981002.695511485,5496.019884589947,1747515.2846039357,11539,9307.180017,0.274589937,0.25745758762031107,1.9221295558752982,1.8022031133421774,1.0665443543212605,1.0665443543212605,3.8841348947725054,0.5548764135389294,,,,
2022-07-23,128,12971695.515494509,4898.255754567583,1757420.2287509341,12260,8288.954999508336,0.274589937,0.25745758762031107,1.9221295558752982,1.8022031133421774,1.0665443543212605,1.0665443543212605,3.8841348947725054,0.5548764135389294,,,,
2022-07-30,129,12963406.56,4359.558983,1766247.880521762,11240,7372.644243022427,0.274589937,0.25745758762031107,1.9221295558752982,1.8022031133421774,1.0665443543212605,1.0665443543212605,3.8841348947725054,0.5548764135389294,,,,
2022-08-06,130,12956033.916251978,3875.392453863117,1774104.691294169,10541,6550.121321471408,0.274589937,0.25745758762031107,1.9221295558752982,1.8022031133421774,1.0665443543212605,1.0665443543212605,3.8841348947725054,0.5548764135389294,,,,
2022-08-13,131,12949483.794930506,3441.2694295589517,1781088.935639944,9966,5813.433534633368,0.274589937,0.25745758762031107,1.9221295558752982,1.8022031133421774,1.0665443543212605,1.0665443543212605,3.8841348947725054,0.5548764135389294,,,,
2022-08-20,132,12943670.361395873,3052.8364843920263,1787290.8021197442,9689,5154.927551962435,0.274589937,0.25745758762031107,1.9221295558752982,1.8022031133421774,1.0665443543212605,1.0665443543212605,3.8841348947725054,0.5548764135389294,,,,
2022-08-27,133,12938515.43384391,2705.9326196592256,1792792.634,9199,4567.336450083181,0.274589937,0.25745758762031107,1.9221295558752982,1.8022031133421774,1.0665443543212605,1.0665443543212605,3.8841348947725054,0.5548764135389294,,,,
2022-09-03,134,12933948.097393828,2396.628878097558,1797669.273728084,8253,4043.835499158129,0.274589937,0.25745758762031107,1.9221295558752982,1.8022031133421774,1.0665443543212605,1.0665443543212605,3.8841348947725054,0.5548764135389294,,,,
2022-09-10,135,12929904.26189467,2121.2523516221527,1801988.4857537171,7075,3578.073228577152,0.274589937,0.25745758762031107,1.9221295558752982,1.8022031133421774,1.0665443543212605,1.0665443543212605,3.8841348947725054,0.5548764135389294,,,,
2022-09-17,136,12926326.188666092,1876.3979879222986,1805811.413345995,7760,3164.1834018249065,0.274589937,0.25745758762031107,1.9221295558752982,1.8022031133421774,1.0665443543212605,1.0665443543212605,3.8841348947725054,0.5548764135389294,,,,
2022-09-24,137,12923162.005264267,1658.931094044713,1809193.0636416974,8225,2796.782636206597,0.274589937,0.25745758762031107,1.9221295558752982,1.8022031133421774,1.0665443543212605,1.0665443543212605,3.8841348947725054,0.5548764135389294,,,,
2022-10-01,138,12920365.22262806,1465.9829477444448,1812182.7944242049,8354,2470.957566279918,0.274589937,0.25745758762031107,1.9221295558752982,1.8022031133421774,1.0665443543212605,1.0665443543212605,3.8841348947725054,0.5548764135389294,,,,
2022-10-08,139,12917894.26506178,1294.9414814929512,1814824.7934567365,9058,2182.2446984220296,0.274589937,0.25745758762031107,1.9221295558752982,1.8022031133421774,1.0665443543212605,1.0665443543212605,3.8841348947725054,0.5548764135389294,,,,
2022-10-15,140,12915712.020363359,1143.4386103719603,1817158.541026279,9483,1926.6054501794279,0.274589937,0.25745758762031107,1.9221295558752982,1.8022031133421774,1.0665443543212605,1.0665443543212605,3.8841348947725054,0.5548764135389294,,,,
2022-10-22,141,12913785.41491318,1009.3354370234802,1819219.249649807,9903,1700.3983129877597,0.274589937,0.25745758762031107,1.9221295558752982,1.8022031133421774,1.0665443543212605,1.0665443543212605,3.8841348947725054,0.5548764135389294,,,,
2022-10-29,142,12912085.016600192,890.7062830001421,1821038.2771168174,9908,1500.3496154025197,0.274589937,0.25745758762031107,1.9221295558752982,1.8022031133421774,1.0665443543212605,1.0665443543212605,3.8841348947725054,0.5548764135389294,,,,
2022-11-05,143,12910584.66698479,785.8222621055845,1822643.5107531138,8108,1323.5239872504026,0.274589937,0.25745758762031107,1.9221295558752982,1.8022031133421774,1.0665443543212605,1.0665443543212605,3.8841348947725054,0.5548764135389294,,,,
2022-11-12,144,12909261.142997539,693.1349220551341,1824059.722080414,6004,1167.2953223902732,0.274589937,0.25745758762031107,1.9221295558752982,1.8022031133421774,1.0665443543212605,1.0665443543212605,3.8841348947725054,0.5548764135389294,,,,
2022-11-19,145,12908093.847675148,611.2603299506234,1825308.891994908,5237,1029.3187984135002,0.274589937,0.25745758762031107,1.9221295558752982,1.8022031133421774,1.0665443543212605,1.0665443543212605,3.8841348947725054,0.5548764135389294,,,,
2022-11-26,146,12907064.528876735,538.9638587,1826410.5072646076,4611,907.5043251141906,0.274589937,0.25745758762031107,1.9221295558752982,1.8022031133421774,1.0665443543212605,1.0665443543212605,3.8841348947725054,0.5548764135389294,,,,
2022-12-03,147,12906157.02455162,475.1458397138108,1827381.8296086723,4906,799.9916505087167,0.274589937,0.25745758762031107,1.9221295558752982,1.8022031133421774,1.0665443543212605,1.0665443543212605,3.8841348947725054,0.5548764135389294,,,,
2022-12-10,148,12905357.032901112,418.8281785985505,1828238.1389202962,5250,705.1272454634309,0.274589937,0.25745758762031107,1.9221295558752982,1.8022031133421774,1.0665443543212605,1.0665443543212605,3.8841348947725054,0.5548764135389294,,,,
2022-12-17,149,12904651.905655649,369.1419766356587,1828992.952367722,5998,621.4430082403123,0.274589937,0.25745758762031107,1.9221295558752982,1.8022031133421774,1.0665443543212605,1.0665443543212605,3.8841348947725054,0.5548764135389294,,,,
2022-12-24,150,12904030.462647408,325.31616531830423,1829658.221,6494,547.6367728859186,0.274589937,0.25745758762031107,1.9221295558752982,1.8022031133421774,1.0665443543212605,1.0665443543212605,3.8841348947725054,0.5548764135389294,,,,
2022-12-31,151,12903482.825874522,286.66713224780705,1830244.5069932372,6635,482.55456514284015,0.274589937,0.25745758762031107,1.9221295558752982,1.8022031133421774,1.0665443543212605,1.0665443543212605,3.8841348947725054,0.5548764135389294,,,,
2023-01-07,152,12903000.27130938,252.5892991607978,1830761.139391467,7417,425.1745227370411,0.274589937,0.25745758762031107,1.9221295558752982,1.8022031133421774,1.0665443543212605,1.0665443543212605,3.8841348947725054,0.5548764135389294,,,,
2023-01-14,153,12902575.096786642,222.54660055302418,1831216.3566128116,5980,374.5923800934106,0.274589937,0.25745758762031107,1.9221295558752982,1.8022031133421774,1.0665443543212605,1.0665443543212605,3.8841348947725054,0.5548764135389294,,,,
2023-01-21,154,12902200.504406549,196.0648042652443,1831617.430789192,5214,330.0084082838148,0.274589937,0.25745758762031107,1.9221295558752982,1.8022031133421774,1.0665443543212605,1.0665443543212605,3.8841348947725054,0.5548764135389294,,,,
2023-01-28,155,12901870.495998265,172.72461188498414,1831970.7793898557,4976,290.7156973462552,0.274589937,0.25745758762031107,1.9221295558752982,1.8022031133421774,1.0665443543212605,1.0665443543212605,3.8841348947725054,0.5548764135389294,,,,
2023-02-04,156,12901579.780300919,152.1554759403959,1832282.0642231456,4726,256.08966836333275,0.274589937,0.25745758762031107,1.9221295558752982,1.8022031133421774,1.0665443543212605,1.0665443543212605,3.8841348947725054,0.5548764135389294,,,,
2023-02-11,157,12901323.690632556,134.03007185244965,1832556.2792955975,4618,225.57870580255985,0.274589937,0.25745758762031107,1.9221295558752982,1.8022031133421774,1.0665443543212605,1.0665443543212605,3.8841348947725054,0.5548764135389294,,,,
2023-02-18,158,12901098.111926753,118.05936488170231,1832797.8287083714,4333,198.69580547884107,0.274589937,0.25745758762031107,1.9221295558752982,1.8022031133421774,1.0665443543212605,1.0665443543212605,3.8841348947725054,0.5548764135389294,,,,
2023-02-25,159,12900899.416121274,103.98821541071678,1833010.5956633203,3945,175.01113966293633,0.274589937,0.25745758762031107,1.9221295558752982,1.8022031133421774,1.0665443543212605,1.0665443543212605,3.8841348947725054,0.5548764135389294,,,,
2023-03-04,160,12900724.404981611,91.59146950974639,1833198.0035488843,3909,154.14544759318233,0.274589937,0.25745758762031107,1.9221295558752982,1.8022031133421774,1.0665443543212605,1.0665443543212605,3.8841348947725054,0.5548764135389294,,,,
2023-03-11,161,12900570.259534018,80.67048559600106,1833363.0699803904,3735,135.76416663825512,0.274589937,0.25745758762031107,1.9221295558752982,1.8022031133421774,1.0665443543212605,1.0665443543212605,3.8841348947725054,0.5548764135389294,,,,
2023-03-18,162,12900434.49536738,71.05005193792525,1833508.4545806863,3570,119.57222651690245,0.274589937,0.25745758762031107,1.9221295558752982,1.8022031133421774,1.0665443543212605,1.0665443543212605,3.8841348947725054,0.5548764135389294,,,,
2023-03-25,163,12900314.923140863,62.57565364975618,1833636.5012054918,3396,105.30943575873971,0.274589937,0.25745758762031107,1.9221295558752982,1.8022031133421774,1.0665443543212605,1.0665443543212605,3.8841348947725054,0.5548764135389294,,,,
2023-04-01,164,12900209.613705104,55.11105158211827,1833749.2752433189,2761,92.74639624357224,0.274589937,0.25745758762031107,1.9221295558752982,1.8022031133421774,1.0665443543212605,1.0665443543212605,3.8841348947725054,0.5548764135389294,,,,
2023-04-08,165,12900116.86730886,48.536139085294515,1833848.5965520598,2151,81.68088785372674,0.274589937,0.25745758762031107,1.9221295558752982,1.8022031133421774,1.0665443543212605,1.0665443543212605,3.8841348947725054,0.5548764135389294,,,,
2023-04-15,166,12900035.186421007,42.745045969056044,1833936.068533029,2262,71.93467104434967,0.274589937,0.25745758762031107,1.9221295558752982,1.8022031133421774,1.0665443543212605,1.0665443543212605,3.8841348947725054,0.5548764135389294,,,,
2023-04-22,167,12899963.251749963,37.64446208878144,1834013.1037879544,1707,63.35066053457558,0.274589937,0.25745758762031107,1.9221295558752982,1.8022031133421774,1.0665443543212605,1.0665443543212605,3.8841348947725054,0.5548764135389294,,,,
2023-04-29,168,12899899.901089428,33.15215584607408,1834080.946754731,1519,55.79042813926935,0.274589937,0.25745758762031107,1.9221295558752982,1.8022031133421774,1.0665443543212605,1.0665443543212605,3.8841348947725054,0.5548764135389294,,,,
2023-05-06,169,12899844.110661289,29.19566550550475,1834140.693673211,1451,49.13199736922979,0.274589937,0.25745758762031107,1.9221295558752982,1.8022031133421774,1.0665443543212605,1.0665443543212605,3.8841348947725054,0.5548764135389294,,,,
2023-05-13,170,12899794.97866392,25.711143605459373,1834193.3101924811,1378,43.267896339297295,0.274589937,0.25745758762031107,1.9221295558752982,1.8022031133421774,1.0665443543212605,1.0665443543212605,3.8841348947725054,0.5548764135389294,,,,
2023-05-20,171,12899751.71076758,22.64233689206275,1834239.6468955346,1261,38.103439293801785,0.274589937,0.25745758762031107,1.9221295558752982,1.8022031133421774,1.0665443543212605,1.0665443543212605,3.8841348947725054,0.5548764135389294,,,,
2023-05-27,172,12899713.607328286,19.93968614473962,1834280.4529855747,1207,33.55521030910313,0.274589937,0.25745758762031107,1.9221295558752982,1.8022031133421774,1.0665443543212605,1.0665443543212605,3.8841348947725054,0.5548764135389294,,,,
2023-06-03,173,12899680.052117977,17.559532005313613,1834316.388350024,1152,29.54972572810948,0.274589937,0.25745758762031107,1.9221295558752982,1.8022031133421774,1.0665443543212605,1.0665443543212605,3.8841348947725054,0.5548764135389294,,,,
2023-06-10,174,12899650.50239225,15.463414485205366,1834348.0341932727,881,26.022254465147853,0.274589937,0.25745758762031107,1.9221295558752982,1.8022031133421774,1.0665443543212605,1.0665443543212605,3.8841348947725054,0.5548764135389294,,,,
2023-06-17,175,12899624.480137784,13.617455222727234,1834375.9024070008,752,22.91577778570354,0.274589937,0.25745758762031107,1.9221295558752982,1.8022031133421774,1.0665443543212605,1.0665443543212605,3.8841348947725054,0.5548764135389294,,,,
2023-06-24,176,12899601.564359998,11.991812809650412,1834400.443827199,633,20.18007218837738,0.274589937,0.25745758762031107,1.9221295558752982,1.8022031133421774,1.0665443543212605,1.0665443543212605,3.8841348947725054,0.5548764135389294,,,,
2023-07-01,177,12899581.38428781,10.560202617378183,1834422.0555095791,518,17.770900959149003,0.274589937,0.25745758762031107,1.9221295558752982,1.8022031133421774,1.0665443543212605,1.0665443543212605,3.8841348947725054,0.5548764135389294,,,,
2023-07-08,178,12899563.61338685,9.299473542,1834441.0871396137,446,15.649301590397954,0.274589937,0.25745758762031107,1.9221295558752982,1.8022031133421774,1.0665443543212605,1.0665443543212605,3.8841348947725054,0.5548764135389294,,,,
2023-07-15,179,12899547.96408526,8.189234962217217,1834457.8466797827,573,13.780957778915763,0.274589937,0.25745758762031107,1.9221295558752982,1.8022031133421774,1.0665443543212605,1.0665443543212605,3.8841348947725054,0.5548764135389294,,,,
2023-07-22,180,12899534.183127481,7.2115279959167005,1834472.6053445276,660,12.13564602,0.274589937,0.25745758762031107,1.9221295558752982,1.8022031133421774,1.0665443543212605,1.0665443543212605,3.8841348947725054,0.5548764135389294,,,,
2023-07-29,181,12899522.047481464,6.350535807488506,1834485.601982734,705,10.686747957020998,0.274589937,0.25745758762031107,1.9221295558752982,1.8022031133421774,1.0665443543212605,1.0665443543212605,3.8841348947725054,0.5548764135389294,,,,
2023-08-05,182,12899511.360733507,5.5923283610629655,1834497.0469381376,678,9.410820754244924,0.274589937,0.25745758762031107,1.9221295558752982,1.8022031133421774,1.0665443543212605,1.0665443543212605,3.8841348947725054,0.5548764135389294,,,,
2023-08-12,183,12899501.949912753,4.924637532018046,1834507.1254497208,727,8.287218540906906,0.274589937,0.25745758762031107,1.9221295558752982,1.8022031133421774,1.0665443543212605,1.0665443543212605,3.8841348947725054,0.5548764135389294,,,,
2023-08-19,184,12899493.662694212,4.336658980859069,1834516.000646813,1162,7.297758949920535,0.274589937,0.25745758762031107,1.9221295558752982,1.8022031133421774,1.0665443543212605,1.0665443543212605,3.8841348947725054,0.5548764135389294,,,,
2023-08-26,185,12899486.364935262,3.8188776138892764,1834523.8161871298,1559,6.426429340615869,0.274589937,0.25745758762031107,1.9221295558752982,1.8022031133421774,1.0665443543212605,1.0665443543212605,3.8841348947725054,0.5548764135389294,,,,
2023-09-02,186,12899479.938505922,3.3629138300905623,1834530.698580255,1584,5.659128028899431,0.274589937,0.25745758762031107,1.9221295558752982,1.8022031133421774,1.0665443543212605,1.0665443543212605,3.8841348947725054,0.5548764135389294,,,,
2023-09-09,187,12899474.279377893,2.961388084493283,1834536.7592340296,1834,4.983436331152916,0.274589937,0.25745758762031107,1.9221295558752982,1.8022031133421774,1.0665443543212605,1.0665443543212605,3.8841348947725054,0.5548764135389294,,,,
2023-09-16,188,12899469.295941561,2.6078015904619636,1834542.0962568552,2274,4.388417795300484,0.274589937,0.25745758762031107,1.9221295558752982,1.8022031133421774,1.0665443543212605,1.0665443543212605,3.8841348947725054,0.5548764135389294,,,,
2023-09-23,189,12899464.907523766,2.2964312412045027,1834546.7960450004,2759,3.8644413501024246,0.274589937,0.25745758762031107,1.9221295558752982,1.8022031133421774,1.0665443543212605,1.0665443543212605,3.8841348947725054,0.5548764135389294,,,,
2023-09-30,190,12899461.043082416,2.0222370583791527,1834550.934680533,3226,3.4030255414545536,0.274589937,0.25745758762031107,1.9221295558752982,1.8022031133421774,1.0665443543212605,1.0665443543212605,3.8841348947725054,0.5548764135389294,,,,
2023-10-07,191,12899457.640056875,1.7807806764387941,1834554.5791624554,3057,2.9967013504356146,0.274589937,0.25745758762031107,1.9221295558752982,1.8022031133421774,1.0665443543212605,1.0665443543212605,3.8841348947725054,0.5548764135389294,,,,
2023-10-14,192,12899454.643355524,1.5681535484326636,1834557.7884909348,2513,2.638891374692321,0.274589937,0.25745758762031107,1.9221295558752982,1.8022031133421774,1.0665443543212605,1.0665443543212605,3.8841348947725054,0.5548764135389294,,,,
2023-10-21,193,12899452.00446415,1.3809137151453055,1834560.614622142,2948,2.323803398758173,0.274589937,0.25745758762031107,1.9221295558752982,1.8022031133421774,1.0665443543212605,1.0665443543212605,3.8841348947725054,0.5548764135389294,,,,
2023-10-28,194,12899449.68066075,1.216030117139053,1834563.1033091387,3425,2.0463366974145174,0.274589937,0.25745758762031107,1.9221295558752982,1.8022031133421774,1.0665443543212605,1.0665443543212605,3.8841348947725054,0.5548764135389294,,,,
2023-11-04,195,12899447.634324053,1.0708335506467659,1834565.2948424018,3131,1.8019994832575321,0.274589937,0.25745758762031107,1.9221295558752982,1.8022031133421774,1.0665443543212605,1.0665443543212605,3.8841348947725054,0.5548764135389294,,,,
2023-11-11,196,12899445.83232457,0.9429734752527201,1834567.2247019606,3439,1.5868362337350845,0.274589937,0.25745758762031107,1.9221295558752982,1.8022031133421774,1.0665443543212605,1.0665443543212605,3.8841348947725054,0.5548764135389294,,,,
2023-11-18,197,12899444.245488336,0.8303799755962543,1834568.9241316936,4106,1.3973636645823717,0.274589937,0.25745758762031107,1.9221295558752982,1.8022031133421774,1.0665443543212605,1.0665443543212605,3.8841348947725054,0.5548764135389294,,,,
2023-11-25,198,12899442.848124672,0.7312302624326578,1834570.4206450707,4513,1.2305143643170595,0.274589937,0.25745758762031107,1.9221295558752982,1.8022031133421774,1.0665443543212605,1.0665443543212605,3.8841348947725054,0.5548764135389294,,,,
2023-12-02,199,12899441.617610307,0.6439191716117786,1834571.7384705262,4215,1.0835871491581202,0.274589937,0.25745758762031107,1.9221295558752982,1.8022031133421774,1.0665443543212605,1.0665443543212605,3.8841348947725054,0.5548764135389294,,,,
2023-12-09,200,12899440.534023158,0.5670331840549397,1834572.898943662,4072,0.9542033318430185,0.274589937,0.25745758762031107,1.9221295558752982,1.8022031133421774,1.0665443543212605,1.0665443543212605,3.8841348947725054,0.5548764135389294,,,,
2023-12-16,201,12899439.579819826,0.49932754665612245,1834573.9208526316,4419,0.840268238,0.274589937,0.25745758762031107,1.9221295558752982,1.8022031133421774,1.0665443543212605,1.0665443543212605,3.8841348947725054,0.5548764135389294,,,,
2023-12-23,202,12899438.739551589,0.43970612411379867,1834574.8207422907,4148,0.7399372775107622,0.274589937,0.25745758762031107,1.9221295558752982,1.8022031133421774,1.0665443543212605,1.0665443543212605,3.8841348947725054,0.5548764135389294,,,,
2023-12-30,203,12899437.999614311,0.387203656,1834575.6131820364,3883,0.6515861097723246,0.274589937,0.25745758762031107,1.9221295558752982,1.8022031133421774,1.0665443543212605,1.0665443543212605,3.8841348947725054,0.5548764135389294,,,,
2024-01-06,204,12899437.348028202,0.340970131,1834576.3110016705,4162,0.5737843289971352,0.274589937,0.25745758762031107,1.9221295558752982,1.8022031133421774,1.0665443543212605,1.0665443543212605,3.8841348947725054,0.5548764135389294,,,,
2024-01-13,205,12899436.774243873,0.30025702783365193,1834576.9254991019,3086,0.5052723214030266,0.274589937,0.25745758762031107,1.9221295558752982,1.8022031133421774,1.0665443543212605,1.0665443543212605,3.8841348947725054,0.5548764135389294,,,,
2024-01-20,206,12899436.268971551,0.26440519846610977,1834577.4666232523,2350,0.44494086876511574,0.274589937,0.25745758762031107,1.9221295558752982,1.8022031133421774,1.0665443543212605,1.0665443543212605,3.8841348947725054,0.5548764135389294,,,,
2024-01-27,207,12899435.824030682,0.23283419624615792,1834577.9431351242,1969,0.39181319810450077,0.274589937,0.25745758762031107,1.9221295558752982,1.8022031133421774,1.0665443543212605,1.0665443543212605,3.8841348947725054,0.5548764135389294,,,,
2024-02-03,208,12899435.432217484,0.20503288015024124,1834578.3627496376,1716,0.345029155,0.274589937,0.25745758762031107,1.9221295558752982,1.8022031133421774,1.0665443543212605,1.0665443543212605,3.8841348947725054,0.5548764135389294,,,,
2024-02-10,209,12899435.08718833,0.1805511397395449,1834578.7322605324,1328,0.3038312941789627,0.274589937,0.25745758762031107,1.9221295558752982,1.8022031133421774,1.0665443543212605,1.0665443543212605,3.8841348947725054,0.5548764135389294,,,,
2024-02-17,210,12899434.783357035,0.15899260826413675,1834579.0576503586,1167,0.26755261048674583,0.274589937,0.25745758762031107,1.9221295558752982,1.8022031133421774,1.0665443543212605,1.0665443543212605,3.8841348947725054,0.5548764135389294,,,,
2024-02-24,211,12899434.515804425,0.1400082457595403,1834579.3441873323,1015,0.23560573905706406,0.274589937,0.25745758762031107,1.9221295558752982,1.8022031133421774,1.0665443543212605,1.0665443543212605,3.8841348947725054,0.5548764135389294,,,,
2024-03-02,212,12899434.280198686,0.12329068827610823,1834579.5965106287,858,0.20747344568371773,0.274589937,0.25745758762031107,1.9221295558752982,1.8022031133421774,1.0665443543212605,1.0665443543212605,3.8841348947725054,0.5548764135389294,,,,
2024-03-09,213,12899434.07272524,0.10856927177808441,1834579.818705491,715,0.1827002577483654,0.274589937,0.25745758762031107,1.9221295558752982,1.8022031133421774,1.0665443543212605,1.0665443543212605,3.8841348947725054,0.5548764135389294,,,,
2024-03-16,214,12899433.890024982,0.09560565,1834580.0143693706,886,0.16088508628308773,0.274589937,0.25745758762031107,1.9221295558752982,1.8022031133421774,1.0665443543212605,1.0665443543212605,3.8841348947725054,0.5548764135389294,,,,
2024-03-23,215,12899433.729139896,0.084189936,1834580.186670171,606,0.1416747346520424,0.274589937,0.25745758762031107,1.9221295558752982,1.8022031133421774,1.0665443543212605,1.0665443543212605,3.8841348947725054,0.5548764135389294,,,,
2024-03-30,216,12899433.587465161,0.074137305,1834580.3383975367,519,0.1247581746429205,0.274589937,0.25745758762031107,1.9221295558752982,1.8022031133421774,1.0665443543212605,1.0665443543212605,3.8841348947725054,0.5548764135389294,,,,
2024-04-06,217,12899433.462706987,0.065284998,1834580.4720080183,691,0.10986152291297913,0.274589937,0.25745758762031107,1.9221295558752982,1.8022031133421774,1.0665443543212605,1.0665443543212605,3.8841348947725054,0.5548764135389294,,,,
2024-04-13,218,12899433.352845464,0.057489693,1834580.5896648455,712,0.096743591,0.274589937,0.25745758762031107,1.9221295558752982,1.8022031133421774,1.0665443543212605,1.0665443543212605,3.8841348947725054,0.5548764135389294,,,,
2024-04-20,219,12899433.256101873,0.05062518,1834580.693,653,0.085191995,0.274589937,0.25745758762031107,1.9221295558752982,1.8022031133421774,1.0665443543212605,1.0665443543212605,3.8841348947725054,0.5548764135389294,,,,
2024-04-27,220,12899433.170909878,0.044580318059096485,1834580.784509807,739,0.075019708,0.274589937,0.25745758762031107,1.9221295558752982,1.8022031133421774,1.0665443543212605,1.0665443543212605,3.8841348947725054,0.5548764135389294,,,,
2024-05-04,221,12899433.09589017,0.039257238,1834580.864852595,889,0.066062035,0.274589937,0.25745758762031107,1.9221295558752982,1.8022031133421774,1.0665443543212605,1.0665443543212605,3.8841348947725054,0.5548764135389294,,,,
2024-05-11,222,12899433.029828135,0.034569756,1834580.935602111,941,0.058173945,0.274589937,0.25745758762031107,1.9221295558752982,1.8022031133421774,1.0665443543212605,1.0665443543212605,3.8841348947725054,0.5548764135389294,,,,
2024-05-18,223,12899432.97165419,0.030441978714132664,1834580.9979038325,1255,0.051227726,0.274589937,0.25745758762031107,1.9221295558752982,1.8022031133421774,1.0665443543212605,1.0665443543212605,3.8841348947725054,0.5548764135389294,,,,
2024-05-25,224,12899432.920426464,0.026807075749126184,1834581.0527664614,971,0.045110915,0.274589937,0.25745758762031107,1.9221295558752982,1.8022031133421774,1.0665443543212605,1.0665443543212605,3.8841348947725054,0.5548764135389294,,,,